[
	{
		"id":"a364e063dec4db4ec101cf9cb3b8401b7849372c",
		"name":"Alle meine Entchen",
		"file":"01_-_Kinder_wollen_singen_-_Alle_meine_Entchen.pdf",
		"music":[
			{
			"name":"Melodie",
			"file":"01_-_Kinder_wollen_singen_-_Alle_meine_Entchen.m4a"
			}
		]
	},
	{
		"id":"40614bcba9d3324bb59140bd12bd8ee67379db4a",
		"name":"Alle Vögel sind schon da",
		"file":"02_-_Kinder_wollen_singen_-_Alle_Voegel_sind_schon_da.pdf",
		"music":[
			{
			"name":"Melodie",
			"file":"02_-_Kinder_wollen_singen_-_Alle_Voegel_sind_schon_da.m4a"
			}
		]
	},
	{
		"id":"94446109ba27d1552b14d3fc2fe701c95d551d2c",
		"name":"Auf der Mauer, auf der Lauer",
		"file":"03_-_Kinder_wollen_singen_-_Auf_der_Mauer_auf_der_Lauer.pdf",
		"music":[
			{
			"name":"Melodie",
			"file":"03_-_Kinder_wollen_singen_-_Auf_der_Mauer_auf_der_Lauer.m4a"
			}
		]
	},
	{
		"id":"8a12bd79fc0aa0ec3d151210d934c5650883c0ac",
		"name":"Auf uns’rer Wiese gehet was",
		"file":"04_-_Kinder_wollen_singen_-_Auf_unsrer_Wiese_gehet_was.pdf",
		"music":[
			{
			"name":"Melodie",
			"file":"04_-_Kinder_wollen_singen_-_Auf_unsrer_Wiese_gehet_was.m4a"
			}
		]
	},
	{
		"id":"1aafcfd069d80ba7973b4fea15b4382682b8bf71",
		"name":"Backe, backe Kuchen",
		"file":"05_-_Kinder_wollen_singen_-_Backe_backe_Kuchen.pdf",
		"music":[
			{
			"name":"Melodie",
			"file":"05_-_Kinder_wollen_singen_-_Backe_backe_Kuchen.m4a"
			}
		]
	},
	{
		"id":"12fc0adf98835f254aab944d828cc562a74cac0e",
		"name":"Bruder Jakob",
		"file":"06_-_Kinder_wollen_singen_-_Bruder_Jakob.pdf",
		"music":[
			{
			"name":"Melodie",
			"file":"06_-_Kinder_wollen_singen_-_Bruder_Jakob.m4a"
			}
		]
	},
	{
		"id":"bbc26520f889dbc066be6976a7475a534697f340",
		"name":"Das Wandern ist des Müllers Lust",
		"file":"07_-_Kinder_wollen_singen_-_Das_Wandern_ist_des_Muellers_Lust.pdf",
		"music":[
			{
			"name":"Melodie",
			"file":"07_-_Kinder_wollen_singen_-_Das_Wandern_ist_des_Muellers_Lust.m4a"
			}
		]
	},
	{
		"id":"504b043d3b23e958097169b936498f551eae5d44",
		"name":"Der Kuckuck und der Esel",
		"file":"08_-_Kinder_wollen_singen_-_Der_Kuckuck_und_der_Esel.pdf",
		"music":[
			{
			"name":"Melodie",
			"file":"08_-_Kinder_wollen_singen_-_Der_Kuckuck_und_der_Esel.m4a"
			}
		]
	},
	{
		"id":"bd7dd397b925c81c6772def5f68e98af1197665c",
		"name":"Die Affen rasen durch den Wald",
		"file":"09_-_Kinder_wollen_singen_-_Die_Affen_rasen_durch_den_Wald.pdf",
		"music":[
			{
			"name":"Melodie",
			"file":"09_-_Kinder_wollen_singen_-_Die_Affen_rasen_durch_den_Wald.m4a"
			}
		]
	},
	{
		"id":"6633408fc56fa7d1b5d84ad727e5851b95b1993f",
		"name":"Der Mond ist aufgegangen",
		"file":"10_-_Kinder_wollen_singen_-_Der_Mond_ist_aufgegangen.pdf",
		"music":[
			{
			"name":"Melodie",
			"file":"10_-_Kinder_wollen_singen_-_Der_Mond_ist_aufgegangen.m4a"
			}
		]
	},
	{
		"id":"7ae2b0898936b5628ca8d2306fb4fbcc29a2c280",
		"name":"Die Gedanken sind frei",
		"file":"11_-_Kinder_wollen_singen_-_Die_Gedanken_sind_frei.pdf",
		"music":[
			{
			"name":"Melodie",
			"file":"11_-_Kinder_wollen_singen_-_Die_Gedanken_sind_frei.m4a"
			}
		]
	},
	{
		"id":"565127d0cb57201532f1532d38bfe9f24534641d",
		"name":"Die Handwerker",
		"file":"12_-_Kinder_wollen_singen_-_Die_Handwerker.pdf",
		"music":[
			{
			"name":"Melodie",
			"file":"12_-_Kinder_wollen_singen_-_Die_Handwerker.m4a"
			}
		]
	},
	{
		"id":"1d6901bf4a3b316fca5ea9d6f6e27ae2c6eafb1e",
		"name":"Die Vogelhochzeit",
		"file":"13_-_Kinder_wollen_singen_-_Die_Vogelhochzeit.pdf",
		"music":[
			{
			"name":"Melodie",
			"file":"13_-_Kinder_wollen_singen_-_Die_Vogelhochzeit.m4a"
			}
		]
	},
	{
		"id":"0333be4abe997f877854598f4f73674b9707b19a",
		"name":"Drei Chinesen mit dem Kontrabass",
		"file":"14_-_Kinder_wollen_singen_-_3_Chinesen_mit_dem_Kontrabass.pdf",
		"music":[
			{
			"name":"Melodie",
			"file":"14_-_Kinder_wollen_singen_-_3_Chinesen_mit_dem_Kontrabass.m4a"
			}
		]
	},
	{
		"id":"f428a31d0203a7ca9a1bc3db88c2cfb2dff9c246",
		"name":"Ein Männlein steht im Walde",
		"file":"15_-_Kinder_wollen_singen_-_Ein_Maennlein_steht_im_Walde.pdf",
		"music":[
			{
			"name":"Melodie",
			"file":"15_-_Kinder_wollen_singen_-_Ein_Maennlein_steht_im_Walde.m4a"
			}
		]
	},
	{
		"id":"ab4b8b7f71eb12661360f21425e18b96368fc64e",
		"name":"Es klappert die Mühle am rauschenden Bach",
		"file":"16_-_Kinder_wollen_singen_-_Es_klappert_die_Muehle_am_rauschenden_Bach.pdf",
		"music":[
			{
			"name":"Melodie",
			"file":"16_-_Kinder_wollen_singen_-_Es_klappert_die_Muehle_am_rauschenden_Bach.m4a"
			}
		]
	},
	{
		"id":"89793c2921050365084182bad9551c1897841d40",
		"name":"Es tanzt ein Bi-Ba-Butzemann",
		"file":"17_-_Kinder_wollen_singen_-_Es_tanzt_ein_Bi-Ba-Butzemann.pdf",
		"music":[
			{
			"name":"Melodie",
			"file":"17_-_Kinder_wollen_singen_-_Es_tanzt_ein_Bi-Ba-Butzemann.m4a"
			}
		]
	},
	{
		"id":"dae268f4a3af5e868c27c25fd3790e7fc1b85d83",
		"name":"Es war eine Mutter",
		"file":"18_-_Kinder_wollen_singen_-_Es_war_eine_Mutter.pdf",
		"music":[
			{
			"name":"Melodie",
			"file":"18_-_Kinder_wollen_singen_-_Es_war_eine_Mutter.m4a"
			}
		]
	},
	{
		"id":"0369043e0d7baf05d676eaf58ed214e7b71d843d",
		"name":"Froh zu sein bedarf es wenig",
		"file":"19_-_Kinder_wollen_singen_-_Froh_zu_sein_bedarf_es_wenig.pdf",
		"music":[
			{
			"name":"Melodie",
			"file":"19_-_Kinder_wollen_singen_-_Froh_zu_sein_bedarf_es_wenig.m4a"
			}
		]
	},
	{
		"id":"9c03b44c9ab33e650b3cbfa3018da6fbfcf52231",
		"name":"Grün, grün, grün sind alle meine Kleider",
		"file":"20_-_Kinder_wollen_singen_-_Gruen_gruen_gruen_sind_alle_meine_Kleider.pdf",
		"music":[
			{
			"name":"Melodie",
			"file":"20_-_Kinder_wollen_singen_-_Gruen_gruen_gruen_sind_alle_meine_Kleider.m4a"
			}
		]
	},
	{
		"id":"568f066b287502b5b4e33c391dbd43757950a473",
		"name":"Fuchs, du hast die Gans gestohlen",
		"file":"21_-_Kinder_wollen_singen_-_Fuchs_Du_hast_die_Gans_gestohlen.pdf",
		"music":[
			{
			"name":"Melodie",
			"file":"21_-_Kinder_wollen_singen_-_Fuchs_Du_hast_die_Gans_gestohlen.m4a"
			}
		]
	},
	{
		"id":"9c39947ee390a0749cb31e356e8f403c32d47e40",
		"name":"Hoppe, hoppe Reiter",
		"file":"22_-_Kinder_wollen_singen_-_Hoppe_hoppe_Reiter.pdf",
		"music":[
			{
			"name":"Melodie",
			"file":"22_-_Kinder_wollen_singen_-_Hoppe_hoppe_Reiter.m4a"
			}
		]
	},
	{
		"id":"eb710bac73aa2d6258068f079fd64e13f437e2b3",
		"name":"Hänschen Klein",
		"file":"23_-_Kinder_wollen_singen_-_Haenschen_Klein.pdf",
		"music":[
			{
			"name":"Melodie",
			"file":"23_-_Kinder_wollen_singen_-_Haenschen_Klein.m4a"
			}
		]
	},
	{
		"id":"dbda8085478d25bf7c8562d46296e1836877c865",
		"name":"Hänsel und Gretel",
		"file":"24_-_Kinder_wollen_singen_-_Haensel_und_Gretel.pdf",
		"music":[
			{
			"name":"Melodie",
			"file":"24_-_Kinder_wollen_singen_-_Haensel_und_Gretel.m4a"
			}
		]
	},
	{
		"id":"27869067814682d94126fc91226fed3a6cf63a1d",
		"name":"Häschen in der Grube",
		"file":"25_-_Kinder_wollen_singen_-_Haeschen_in_der_Grube.pdf",
		"music":[
			{
			"name":"Melodie",
			"file":"25_-_Kinder_wollen_singen_-_Haeschen_in_der_Grube.m4a"
			}
		]
	},
	{
		"id":"c1a9975a8ca3420ae33e39be12206cda349853dc",
		"name":"Ich geh’ mit meiner Laterne",
		"file":"26_-_Kinder_wollen_singen_-_Ich_geh_mit_meiner_Laterne.pdf",
		"music":[
			{
			"name":"Melodie",
			"file":"26_-_Kinder_wollen_singen_-_Ich_geh_mit_meiner_Laterne.m4a"
			}
		]
	},
	{
		"id":"c14022ffaaa1a708c2791324a8362550025c534f",
		"name":"Ihr Kinderlein kommet",
		"file":"27_-_Kinder_wollen_singen_-_Ihr_Kinderlein_kommet.pdf",
		"music":[
			{
			"name":"Melodie",
			"file":"27_-_Kinder_wollen_singen_-_Ihr_Kinderlein_kommet.m4a"
			}
		]
	},
	{
		"id":"4842a3dbc418808fb805b9c7108e73a021079b91",
		"name":"Jack saß in der Küche",
		"file":"28_-_Kinder_wollen_singen_-_Jack_sass_in_der_Kueche.pdf",
		"music":[
			{
			"name":"Melodie",
			"file":"28_-_Kinder_wollen_singen_-_Jack_sass_in_der_Kueche.m4a"
			}
		]
	},
	{
		"id":"149b561fc1c1cdbc767c98faffede074c7645922",
		"name":"Jetzt fahr’n wir über’n See",
		"file":"29_-_Kinder_wollen_singen_-_Jetzt_fahrn_wir_uebern_see.pdf",
		"music":[
			{
			"name":"Melodie",
			"file":"29_-_Kinder_wollen_singen_-_Jetzt_fahrn_wir_uebern_see.m4a"
			}
		]
	},
	{
		"id":"3e6da477795b099a5b27e5f21a86484160f68540",
		"name":"Kommt ein Vogel geflogen",
		"file":"30_-_Kinder_wollen_singen_-_Kommt_ein_Vogel_geflogen.pdf",
		"music":[
			{
			"name":"Melodie",
			"file":"30_-_Kinder_wollen_singen_-_Kommt_ein_Vogel_geflogen.m4a"
			}
		]
	},
	{
		"id":"8799e0a6670372085c56039f90158763f23a3668",
		"name":"Kuckuck, Kuckuck, ruft’s aus dem Wald",
		"file":"31_-_Kinder_wollen_singen_-_Kuckuck_Kuckuck_rufts_aus_dem_Wald.pdf",
		"music":[
			{
			"name":"Melodie",
			"file":"31_-_Kinder_wollen_singen_-_Kuckuck_Kuckuck_rufts_aus_dem_Wald.m4a"
			}
		]
	},
	{
		"id":"613f8d39cbde15375d1b74c258f2fda6e2a1e120",
		"name":"Lasst uns froh und munter sein",
		"file":"32_-_Kinder_wollen_singen_-_Lasst_uns_froh_und_munter_sein.pdf",
		"music":[
			{
			"name":"Melodie",
			"file":"32_-_Kinder_wollen_singen_-_Lasst_uns_froh_und_munter_sein.m4a"
			}
		]
	},
	{
		"id":"ee755016af1db3323cb6fdb35295ba7078552942",
		"name":"Laterne, Laterne",
		"file":"33_-_Kinder_wollen_singen_-_Laterne_Laterne.pdf",
		"music":[
			{
			"name":"Melodie",
			"file":"33_-_Kinder_wollen_singen_-_Laterne_Laterne.m4a"
			}
		]
	},
	{
		"id":"8c516fb82a3c601fd50457a4dfa33ed0d6235a8b",
		"name":"Leise rieselt der Schnee",
		"file":"34_-_Kinder_wollen_singen_-_Leise_rieselt_der_Schnee.pdf",
		"music":[
			{
			"name":"Melodie",
			"file":"34_-_Kinder_wollen_singen_-_Leise_rieselt_der_Schnee.m4a"
			}
		]
	},
	{
		"id":"e497cc9be21163b860665c3eb3c2dfbc999e2a72",
		"name":"Lirum Larum Löffelstiel",
		"file":"35_-_Kinder_wollen_singen_-_Lirum_Larum_Loeffelstiel.pdf",
		"music":[
			{
			"name":"Melodie",
			"file":"35_-_Kinder_wollen_singen_-_Lirum_Larum_Loeffelstiel.m4a"
			}
		]
	},
	{
		"id":"24118357a699587d0cb2099d20c104b1e2ce585a",
		"name":"Mariechen saß auf einem Stein",
		"file":"36_-_Kinder_wollen_singen_-_Dornroeschen_war_ein_schoenes_Kind.pdf",
		"music":[
			{
			"name":"Melodie",
			"file":"36_-_Kinder_wollen_singen_-_Dornroeschen_war_ein_schoenes_Kind.m4a"
			}
		]
	},
	{
		"id":"7032653b6df7e956c11a6d3bb44d3b896df94bc5",
		"name":"Morgen, Kinder wird's was geben",
		"file":"37_-_Kinder_wollen_singen_-_Morgen_Kinder_wirds_was_geben.pdf",
		"music":[
			{
			"name":"Melodie",
			"file":"37_-_Kinder_wollen_singen_-_Morgen_Kinder_wirds_was_geben.m4a"
			}
		]
	},
	{
		"id":"7df800fba894913fb5836fabaf7236c07e936ef5",
		"name":"O du lieber Augustin",
		"file":"38_-_Kinder_wollen_singen_-_O_du_lieber_Augustin.pdf",
		"music":[
			{
			"name":"Melodie",
			"file":"38_-_Kinder_wollen_singen_-_O_du_lieber_Augustin.m4a"
			}
		]
	},
	{
		"id":"ee80efc7bf2c90ddd18ebd0f81e344279945dba5",
		"name":"O Tannenbaum",
		"file":"39_-_Kinder_wollen_singen_-_O_Tannenbaum.pdf",
		"music":[
			{
			"name":"Melodie",
			"file":"39_-_Kinder_wollen_singen_-_O_Tannenbaum.m4a"
			}
		]
	},
	{
		"id":"d8f02cc1bc0deac944d195984338ea09914b58a7",
		"name":"Sankt Martin, Sankt Martin",
		"file":"40_-_Kinder_wollen_singen_-_Sankt_Martin_Sankt_Martin.pdf",
		"music":[
			{
			"name":"Melodie",
			"file":"40_-_Kinder_wollen_singen_-_Sankt_Martin_Sankt_Martin.m4a"
			}
		]
	},
	{
		"id":"89309e27c60c465ea98c234ad9e92e48e0d4e546",
		"name":"Schlaf, Kindlein, schlaf",
		"file":"41_-_Kinder_wollen_singen_-_Schlaf_Kindlein_schlaf.pdf",
		"music":[
			{
			"name":"Melodie",
			"file":"41_-_Kinder_wollen_singen_-_Schlaf_Kindlein_schlaf.m4a"
			}
		]
	},
	{
		"id":"ef8ecc3370af84dcc36af9e930d857eaa89950d1",
		"name":"Schneeflöckchen, Weißröckchen",
		"file":"42_-_Kinder_wollen_singen_-_Schneefloeckchen_Weissroeckchen.pdf",
		"music":[
			{
			"name":"Melodie",
			"file":"42_-_Kinder_wollen_singen_-_Schneefloeckchen_Weissroeckchen.m4a"
			}
		]
	},
	{
		"id":"241a53b3fb463f7176c70a23de242873d4c6198e",
		"name":"Still, still, still",
		"file":"43_-_Kinder_wollen_singen_-_Still_still_still.pdf",
		"music":[
			{
			"name":"Melodie",
			"file":"43_-_Kinder_wollen_singen_-_Still_still_still.m4a"
			}
		]
	},
	{
		"id":"8015d048ea0c16d1a6dbd8eb733eb7045f9d6f89",
		"name":"Stille Nacht, Heilige Nacht",
		"file":"44_-_Kinder_wollen_singen_-_Stille_Nacht_heilige_Nacht.pdf",
		"music":[
			{
			"name":"Melodie",
			"file":"44_-_Kinder_wollen_singen_-_Stille_Nacht_heilige_Nacht.m4a"
			}
		]
	},
	{
		"id":"a70e7c03e743bb07d284a43cd2be00c486354c5f",
		"name":"Summ, summ, summ …",
		"file":"45_-_Kinder_wollen_singen_-_Summ_summ_summ.pdf",
		"music":[
			{
			"name":"Melodie",
			"file":"45_-_Kinder_wollen_singen_-_Summ_summ_summ.m4a"
			}
		]
	},
	{
		"id":"8e7b159e9db805f77945247f8d043e8226b36d71",
		"name":"Taler, Taler du musst wandern",
		"file":"46_-_Kinder_wollen_singen_-_Taler_Taler__du_musst_wandern.pdf",
		"music":[
			{
			"name":"Melodie",
			"file":"46_-_Kinder_wollen_singen_-_Taler_Taler__du_musst_wandern.m4a"
			}
		]
	},
	{
		"id":"6eaf9e0751258e4bf423dda29e14bff0066f0778",
		"name":"Weißt du, wie viel’ Sternlein stehen",
		"file":"47_-_Kinder_wollen_singen_-_Weisst_du_wieviel_Sternlein_stehen.pdf",
		"music":[
			{
			"name":"Melodie",
			"file":"47_-_Kinder_wollen_singen_-_Weisst_du_wieviel_Sternlein_stehen.m4a"
			}
		]
	},
	{
		"id":"a7348f73d9751937317d4a8a7262d26eec2233e4",
		"name":"Wer hat die schönsten Schäfchen",
		"file":"48_-_Kinder_wollen_singen_-_Wer_hat_die_schoensten_Schaefchen.pdf",
		"music":[
			{
			"name":"Melodie",
			"file":"48_-_Kinder_wollen_singen_-_Wer_hat_die_schoensten_Schaefchen.m4a"
			}
		]
	},
	{
		"id":"eb8ec31e074a399894f690d3d5620953bff9cc7f",
		"name":"Widele wedele",
		"file":"49_-_Kinder_wollen_singen_-_Widele_wedele.pdf",
		"music":[
			{
			"name":"Melodie",
			"file":"49_-_Kinder_wollen_singen_-_Widele_wedele.m4a"
			}
		]
	},
]
